{
    "loss": 26.020870208740234,
    "accuracy": 0.48201438784599304
}