{
    "loss": 25.486787796020508,
    "accuracy": 0.5179855823516846
}